Nombre,Musculos,Descripcion,Imagen,Tag
Aperturas con mancuerna en banco inclinado,Pectoral superior,"Siéntate en un banco inclinado con las mancuernas a la altura del pecho.Agarra las mancuernas de modo a que las palmas de las manos queden giradas hacia adentro. Levanta las dos mancuernas, intentando juntarlas pero sin llegar a tocar cuando los brazos estén completamente extendidos. Regresa lentamente a la posición inicial.","https://www.cambiatufisico.com/wp-content/uploads/aperturas-mancuerna-banco-inclinado.jpg","Pectoral mayor superior,Deltoides anterior"
Aperturas con mancuerna en banco inclinado en supinación,Pectoral superior,"Siéntate en un banco inclinado con las mancuernas a la altura del pecho.Agarra las mancuernas de modo a que las palmas de las manos queden giradas hacia adentro. Levanta las dos mancuernas, intentando juntarlas pero sin llegar a tocar cuando los brazos estén completamente extendidos con las palmas hacia la cara. Regresa lentamente a la posición inicial.","https://www.cambiatufisico.com/wp-content/uploads/aperturas-inclinadas-con-mancuerna-supinacion.jpg","Pectoral mayor superior,Deltoides anterior"
Aperturas en poleas en banco inclinado,Pectoral superior,"Siéntate en un banco inclinado con las poleas agarradas a la altura del pecho.Agarra las poleas de modo a que las palmas de las manos queden giradas hacia adentro. Levanta las dos poleas, intentando juntarlas pero sin llegar a tocar cuando los brazos estén completamente extendidos. Regresa lentamente a la posición inicial.","https://www.cambiatufisico.com/wp-content/uploads/aperturas-inclinadas-polea.jpg","Pectoral mayor superior,Deltoides anterior"
Press con barra en banco inclinado,Pectoral superior,"Acostados sobre un banco inclinado en ángulo aproximado de 30 a 45°. Separad las piernas ligeramente apoyando los pies sobre el suelo. Las caderas, hombros y cabeza deben reposar sobre el banco.Agarrad una barra con agarre prono. Las manos deben estar algo más abiertas que la anchura de vuestros hombros. Bajad la barra a la parte superior del pecho, tomad aire y retened el aliento cuando subáis el peso hacia el punto de partida. Dirigid los codos hacia los lados y mantenedlos así. Expulsad a medida que superéis la parte más difícil de la subida o al extender los brazos. Deteneos en la posición final con los brazos extendidos y verticales. Tomad aire y retened el aliento a medida que bajéis el peso bajo control hasta la parte alta del pecho. Si preferís deteneos un instante abajo, expulsad el aire después de llegar allí, tomadlo luego y retened la respiración cuando subáis la barra. Utilizad una velocidad moderada, manteniendo siempre el peso bajo control.","https://www.cambiatufisico.com/wp-content/uploads/press-inclinado-barra.jpg","Pectoral mayor superior,Deltoides anterior"
Press con mancuernas en banco inclinado,Pectoral superior,"Sitúate sobre un banco con una inclinación entre 30 y 45 grados. Apoya los pies contra el suelo y extiende las piernas ligeramente para mantener el equilibrio. Las caderas, los hombros y la cabeza deben estar alineados y en contacto con el banco. Coge una mancuerna con cada mano con un agarre de palmas hacia arriba. Las palmas han de mirar en la misma dirección que tu – al frente- durante el ejercicio. Lleva las mancuernas a la altura del hombro con las manos colocadas junto a los hombros. Cuando estés preparado, inspira y aguanta la respiración mientras empujas las mancuernas hacia arriba y hacia dentro. Mantén los codos hacia los lados, en el mismo plano que los hombros. Expulsa el aire cuando pases el punto más difícil de la fase ascendente, cuando los brazos se extienden por completo. Detente un instante en la posición sobre la cabeza. Inspira y aguanta la respiración mientras bajas las mancuernas hasta los hombros. Cuando las mancuernas alcanzan la posición más baja, empújalas de nuevo hacia arriba hasta que los brazos queden totalmente extendidos. Haz una pausa y repite el ejercicio. Para aumentar la intensidad, sube las mancuernas muy juntas pero sin tocarse. Haz las repeticiones a velocidad moderada y controla el peso en todo momento. Para variar y aumentar el recorrido puedes hacer press inclinado a una sola mano, elevando la mancuerna todo lo posible para que el hombro deje el banco ligeramente.","https://www.cambiatufisico.com/wp-content/uploads/press-inclinado-mancuernas.jpg","Pectoral mayor superior,Deltoides anterior"
Press con mancuernas en banco inclinado agarre neutro,Pectoral superior,"Sitúate sobre un banco con una inclinación entre 30 y 45 grados. Apoya los pies contra el suelo y extiende las piernas ligeramente para mantener el equilibrio. Las caderas, los hombros y la cabeza deben estar alineados y en contacto con el banco. Coge una mancuerna con cada mano con un agarre de palmas hacia el pecho. Las palmas han de mirar en la misma dirección que tu – al frente- durante el ejercicio. Lleva las mancuernas a la altura del hombro con las manos colocadas junto a los hombros. Cuando estés preparado, inspira y aguanta la respiración mientras empujas las mancuernas hacia arriba y hacia dentro. Mantén los codos hacia los lados, en el mismo plano que los hombros. Expulsa el aire cuando pases el punto más difícil de la fase ascendente, cuando los brazos se extienden por completo. Detente un instante en la posición sobre la cabeza. Inspira y aguanta la respiración mientras bajas las mancuernas hasta los hombros. Cuando las mancuernas alcanzan la posición más baja, empújalas de nuevo hacia arriba hasta que los brazos queden totalmente extendidos. Haz una pausa y repite el ejercicio. Para aumentar la intensidad, sube las mancuernas muy juntas pero sin tocarse. Haz las repeticiones a velocidad moderada y controla el peso en todo momento. Para variar y aumentar el recorrido puedes hacer press inclinado a una sola mano, elevando la mancuerna todo lo posible para que el hombro deje el banco ligeramente.","https://www.cambiatufisico.com/wp-content/uploads/press-inclinado-mancuernas-agarre-martillo.jpg","Pectoral mayor superior,Deltoides anterior"
Press de banca al cuello,Pectoral superior,"El ejercicio de press de banca, en su más correcta interpretación, ha de efectuarse llevando la barra a la base del cuello; sin embargo, la mayoría de la gente que practica el ejercicio no lo interpreta así, quizá porque al efectuarlo de esta manera no puede utilizar la misma cantidad de peso que si llevará la barra a la mitad de los músculos pectorales o a la línea de éstos. Al respecto hemos de decir que en muchos casos el manejar pesos grandes no es lo más importante, sobre todo el hacer esto lleva consigo desvirtuar la técnica correcta de un determinado ejercicio. Olvídense, pues, del peso grande, y traten de realizar el ejercicio que hagan, en este caso el press de banca, de manera correcta. Los resultados merecen la pena. Tumbados sobre un banco horizontal con soportes, sacaremos la barra de éstos y una vez que esté fuera, dejaremos los brazos perfectamente encajados por los codos. Desde esta posición, desciendan la barra hasta la base del cuello flexionando, lógicamente, los brazos. A partir de ese punto utilizando para ello la fuerza de pectorales, deltoides y tríceps, suban la barra en vertical hasta el punto de partida. La separación de manos en este ejercicio habrá de ser aproximada a la anchura de los hombros, y la respiración se hará del modo siguiente: tomar aire cuando la barra descienda hasta la base del cuello y expulsarlo cuando la elevemos.","https://www.cambiatufisico.com/wp-content/uploads/Press-de-banca-al-cuello.jpg","Pectoral mayor superior"
Press de banca con barra y agarre cerrado,Triceps,"Tumbaos de espaldas sobra una banca plana con los pies firmes sobre el suelo. Para una mayor seguridad emplead una banca con soporte para la barra, de forma que ésta ya esté apoyada a una distancia equivalente a la longitud de los brazos. Coged la barra con las manos por encima y una separación entre ellas de unos 20-25 centímetros –por el interior de la amplitud de hombros–. Rodead la barra con los pulgares para mayor seguridad. Prestad atención a no usar una separación de manos muy estrecha, puesto que eso generará una indebida tensión sobre las muñecas, pero sin embargo no añadirá más tensión a los tríceps. Con cuidado sacad la barra del soporte y mantenedla sobre el pecho con los brazos completamente estirados. Doblad los brazos para bajar la barra lentamente hacia la parte inferior del pectoral, manteniendo los codos cercanos al cuerpo. Para reducir la tensión de los pectorales mantened los codos siempre pegados al cuerpo y evitad que éstos se separen hacia fuera lateralmente. No rebotéis la barra sobre el pecho, en su lugar cuando ésta se acerque a un par de centímetros o así del mismo, reducid la velocidad del movimiento e invertid la dirección empujando hacia arriba. Ahora empujad con fuerza la barra hasta enderezar por completo los brazos sin llegar a bloquearlos del todo. Apretad los tríceps y el pecho con fuerza arriba, al tiempo que expulsáis el aire. Repetid.","https://www.cambiatufisico.com/wp-content/uploads/press-banca-agarre-cerrado.jpg","Tríceps,Pectoral,Deltoides anteriores."
Press inclinado en máquina de discos,Pectoral superior,"Inicio: Ajustar el asiento de la máquina de tal manera que los manillares queden por fuera de la parte inferior del pecho en su posición baja. Mantener los pies planos sobre el suelo y la espalda y la cabeza contra el respaldo del asiento. Comenzar en la posición baja. Ejecución: Hacer press con trayecto del movimiento predeterminado por la máquina hasta que los codos estén extendidos pero sin bloquear. Lentamente, bajar la barra hasta la posición sin permitir que entre dos repeticiones el peso descanse sobre la sujeción. Variaciones: Hay muchos tipos de máquinas de press, incluidas las que se asemejan a los press declinados e inclinados y máquinas que se cargan con discos (la máquina Hammer Strengh de la foto es una de las modalidades más populares). Muchas también tienen diferentes posiciones de agarre, lo cual permite utilizar desde los muy estrechos o los más anchos e incluso un agarre neutro.","https://www.cambiatufisico.com/wp-content/uploads/press-inclinado-maquina.jpg","Pectoral mayor superior,Deltoides anterior"
Press inclinado en Multipower,Pectoral superior,"Acostados sobre un banco inclinado en Multipower en ángulo aproximado de 30 a 45°. Separad las piernas ligeramente apoyando los pies sobre el suelo. Las caderas, hombros y cabeza deben reposar sobre el banco.Agarrad una barra con agarre prono. Las manos deben estar algo más abiertas que la anchura de vuestros hombros. Bajad la barra a la parte superior del pecho, tomad aire y retened el aliento cuando subáis el peso hacia el punto de partida. Dirigid los codos hacia los lados y mantenedlos así. Expulsad a medida que superéis la parte más difícil de la subida o al extender los brazos. Deteneos en la posición final con los brazos extendidos y verticales. Tomad aire y retened el aliento a medida que bajéis el peso bajo control hasta la parte alta del pecho. Si preferís deteneos un instante abajo, expulsad el aire después de llegar allí, tomadlo luego y retened la respiración cuando subáis la barra. Utilizad una velocidad moderada, manteniendo siempre el peso bajo control.","https://www.cambiatufisico.com/wp-content/uploads/press-inclinado-multipower.jpg","Pectoral mayor superior,Deltoides anterior"
Press de banca con barra,Pectoral,"Échese sobre un banco. Las palmas de las manos deben estar hacia arriba. Baje lentamente el peso hasta tocar la parte central del tórax. Empuje la barra hacia arriba hasta que los brazos estén completamente estirados. Vuelva a descender la barra hasta tocar la parte central del tórax y repita el movimiento.","https://www.cambiatufisico.com/wp-content/uploads/press-banca-barra.jpg","Pectoral mayor,Deltoides anterior,Triceps"
Press de banca con barra,Pectoral,"Échese sobre un banco. Las palmas de las manos deben estar hacia arriba. Baje lentamente el peso hasta tocar la parte central del tórax. Empuje la barra hacia arriba hasta que los brazos estén completamente estirados. Vuelva a descender la barra hasta tocar la parte central del tórax y repita el movimiento.","https://www.cambiatufisico.com/wp-content/uploads/press-banca-agarre-ancho.jpg","Pectoral mayor,Deltoides anterior,Triceps"
Pullover con barra,Pectoral,"Para ejecutar correctamente el pullover con barra deberemos, en primera instancia, acostarnos sobre un banco con una barra usando un agarre  que vaya a la altura de los hombros. Sostendremos la barra recta por encima de nuestro pecho con un doblez en nuestros brazos. Esta será nuestra posición inicial. Mientras mantenemos los brazos en la posición, bajaremos el peso poco a poco dibujando un arco que vaya detrás de la cabeza mientras se respira adentro hasta que sienta un estiramiento en el pecho. En ese punto, llevaremos la barra de nuevo a la posición inicial siguiendo el mismo recorrido que realizamos anteriormente para bajar la barra y exhalaremos a medida que realizamos este movimiento.  Mantendremos el peso en la posición inicial un segundo y repetiremos el movimiento para el número prescrito en nuestra rutina de ejercicios.","https://www.cambiatufisico.com/wp-content/uploads/pull-over-barra.jpg","Pectoral mayor,Deltoides anterior"
Cruces en polea baja,Pectoral mayor,"Posición inicial: Para empezar, coloca los manerales en la parte baja de las poleas y selecciona la resistencia que vayas a utilizar. No pongas demasiado, es un ejercicio de aislamiento donde no se requieren grandes pesos. Colócate de pie, con una polea en cada mano, en tensión. Las palmas de las manos deben estar mirando al frente, las manos a la altura de la cintura y los brazos estirados pero no bloqueados. Movimiento: Con una ligera flexión de brazos , sube las manos hacia arriba y hacia la línea media del cuerpo. Tus manos deben acabar juntas en lo alto del pecho, con las palmas mirando hacia arriba. Intenta realizar una pequeña pausa en esta posición, aguantando la contracción. Después vuelve a la posición inicial.","https://www.cambiatufisico.com/wp-content/uploads/cruces-polea-baja1.jpg","Pectoral mayor,Deltoides anterior"
Press con mancuernas en banco declinado,Pectoral inferior,"Túmbate boca arriba sobre un banco declinado entre 30 y 45 grados. El torso debe estar estabilizado por completo de la cabeza a los pies, con las piernas dobladas y los pies asegurados. Coge una mancuerna con cada mano y extiende los brazos para mantener las mancuernas sobre el pecho mientras se tocan con las palmas mirando en dirección a los pies. Esta es la posición inicial. Dobla los brazos para bajar las mancuernas hacia los lados del pecho, manteniendo los codos apuntando hacia los lados. Toma aire y aguanta la respiración mientras comienzas a bajar el peso. Invierte la dirección cuando las mancuernas se aproximen al nivel del pecho, extendiendo por completo los brazos para llevar las mancuernas a la posición inicial siguiendo un arco. Expulsa el aire con fuerza tras pasar el punto de estancamiento (el punto más difícil del recorrido). Detente un instante con los brazos bloqueados pero no hiperextendidos. Repite el movimiento. Asegúrate de elevar las mancuernas rectas para que estén en un plano vertical sobre los hombros en la posición más alta.","https://www.cambiatufisico.com/wp-content/uploads/Press-declinado-con-mancuernas.jpg","Pectoral inferior"
Press con barra en banco declinado,Pectoral inferior,"Acostados sobre un banco declinado de press con cabeza, hombros y gluteos descansando sobre el respaldo, y un ligero arco en la espina lumbar. La barra debe situarse a una altura accesible y estar colocada directamente sobre la cara. Utilizad un agarre prono (palmas mirando al frente) con las manos aproximadamente separadas a la anchura de vuestros hombros. La distancia precisa dependerá de vuestra capacidad para equilibrar el peso y el tipo de barra utilizada. Sacad la barra y estirad los brazos, colocándolos directamente encima del cuello. Es el punto de partida. Tomad más aire de lo habitual y retened lo cuando bajéis la barra hacia la mitad del pecho. Al aproximaros a los pectorales, revertid la dirección y devolved el peso al punto de partida. Expulsad el aire al superar la parte más difícil de la fase de subida. Los codos deben apuntar hacia adelante y mantenerse pegados a los lados durante el ascenso y el descenso. Repetid las veces prescritas a una velocidad moderada.","https://www.cambiatufisico.com/wp-content/uploads/Press-declinado-con-barra.jpg","Pectoral inferior"
Fondos entre bancos,Triceps,"Ejecución: Colocad dos bancos paralelos entre ellos, separados 90 a 120 centímetros; sentaos a los lados en el medio de un banco. Colocad las manos al lado de las caderas, sujetando el borde del banco con los dedos. Extended las piernas y colocad los talones encima del otro banco. Apretad a través de las palmas para extender los brazos, elevando los gluteos del banco. Manteniendo el pecho elevado y los ojos al frente, doblad lentamente los codos, bajando los gluteos hacia el suelo hasta que los brazos queden paralelos al piso y los codos se acerquen a los 90 grados. Deteneos brevemente, y luego subid con fuerza los brazos hasta llegar al punto de partida. Apretad los tríceps a tope al final del movimiento antes de pasar a la siguiente repetición. Consejos: No bajéis más que lo que resulte cómodo para los hombros, el pecho y los codos; así evitaréis riesgos de lesiones. Para aumentar la intensidad, pedidle a vuestro compañero que coloque discos sobre vuestro cuerpo, para ir quitándolos cuando sintáis fatiga. También podéis colocar una mancuerna entre las piernas para aumentar la sobrecarga. Aumentad la congestión y el aporte de sangre hacia el músculo tardando hasta cinco segundos en bajar en cada una de las repeticiones. Si no conocéis bien este ejercicio y os parece demasiado difícil, colocad los pies planos contra el piso hasta que podáis hacer el movimiento con los pies elevados.","https://www.cambiatufisico.com/wp-content/uploads/2012/01/fondos-entre-bancos.jpg","Triceps"
Dominadas,Dorsal,"Agárrate a una barra horizontal con un agarre prono (las palmas mirando hacia fuera), con las manos separadas unos 20 centímetros más que la anchura de los hombros. Extiende los brazos por completo y relaja los hombros para que los dorsales queden totalmente estirados. Inspira profundamente y aguanta la respiración mientras contraes los dorsales para elevarte hacia la barra. Mantén los codos a los lados y hacia fuera, y bájalos para que tu puedas elevarte. Sigue tirando hasta que la mandíbula alcance el nivel de la barra o ligeramente por encima. Expulsa el aire y baja hasta la posición inicial de manera controlada. Repite varias veces.","https://www.cambiatufisico.com/wp-content/uploads/dominadas5.jpg","Dorsal, Biceps"
Jalones frontales,Dorsal,"Sujeta fuertemente los ángulos de la barra larga, con las palmas al frente. El torso debe estar erguido, los brazos completamente extendidos y tus hombros elevados en la forma de una amplia letra Y. Si tienes que elevarte para poder sujetar la barra, asegúrate que primero haces una cierta tracción de la misma, para a continuación sentarte y asegurar tus piernas antes de empezar. Mantén el torso vertical y erguido, contrayendo al tiempo los músculos de tu espalda baja. Para iniciar el movimiento inhala de una forma superior a lo normal y retén la respiración. Mantén los hombros en la posición inicial y tira hacia abajo con tus brazos, dirigiendo el movimiento con los codos hacia abajo. Realiza un tirón de la barra directamente hacia abajo, pasando la misma frente a la cabeza hasta el nivel de los hombros. Al tiempo que haces el tirón mantén los hombros hacia atrás y a los lados, en el mismo plano que tu cuerpo. Exhalas el aire tan pronto como termines el movimiento y mantén la posición baja por uno o dos segundos antes de retomar controlando el movimiento a la posición inicial. Haz una breve pausa para un mejor estiramiento de los hombros en la posición superior del ejercicio y repite el movimiento. Asegúrate que tus brazos están siempre al principio de la repetición en una completa extensión.","https://www.cambiatufisico.com/wp-content/uploads/jalones-frontales1.jpg","Dorsal,Biceps"
Jalones frontales con brazos rectos, Dorsal inferior,"De pie, separado entre 25 y 35 centímetros de una polea alta, de cara a la pila de placas. Agarra una barra recta con un agarre prono (palmas hacia abajo) con las manos separadas a una distancia igual a la anchura de los hombros. Coloca los brazos rectos sobre la cabeza con un ángulo de 15 a 20 grados y dobla los codos ligeramente. Si eres alto, dobla las rodillas para que los brazos queden relativamente rectos cuando los extiendas sobre la cabeza. Toma aire y aguanta la respiración mientas tiras de la barra hacia abajo con los brazos rectos a lo Concéntrate en tirar desde los hombros hasta que la barra esté a la altura de la cadera. Mantén el torso recto mientras tiras hacia abajo y contrae los músculos de la espalda baja para mantener esta postura. Aguanta la contracción en la parte baja durante dos segundos. Expulsa el aire mientras devuelves la barra de manera controlada a la posición inicial. Detente un instante en la posición alta y luego repite.","https://www.cambiatufisico.com/wp-content/uploads/jalones-brazos-rectos1.jpg","Dorsal, Biceps"
Remo con barra,Dorsal ancho,"Incline el pecho hacia adelante en un ángulo de unos 45º con las caderas, agarrando la barra con una distancia entre las manos igual al ancho de los hombros y con las palmas hacia abajo. Eleve la barra hasta que toque la parte inferior del pecho, manteniendo la columna vertebral recta y las rodillas ligeramente flexionadas. Baje la barra lentamente hasta volver a la posición inicial.","https://www.cambiatufisico.com/wp-content/uploads/remo-barra3.jpg","Dorsal ancho,erector de la espina dorsal,trapecio,romboides,deltoides posterior"
Buenos días con barra de pie,Lumbar,"Para el buenos días con barra seleccionaremos una barra libre con una carga moderada. Apoyaremos la barra sobre nuestro trapecio. Desde una posición totalmente vertical y con el abdomen controlando la postura comenzaremos a flexionar la cadera y ligeramente las rodillas inclinando el cuerpo hacia delante. La mirada debe orientarse en todo momento hacia delante.","https://www.cambiatufisico.com/wp-content/uploads/buenos-dias-barra1.jpg","erectores espinales,gluteo mayor,recto abdominal,oblicuos,trapecio"
Peso Muerto,Lumbar,"Posición de los pies: Colocad los pies planos sobre el suelo, algo menos separados que la anchura de los hombros, con los dedos al frente o apuntando ligeramente hacia fuera. Así tenemos una base estable que permite que las rodillas vayan sobre los dedos de los pies mientras descendemos. Poneos de pie directamente encima de la barra. Cuando miréis hacia abajo la barra debe quedar sobre el empeine de los pies, tocando las tibias. Posición del cuerpo: Doblad las rodillas y bajad las caderas hacia una posición de sentadilla profunda; los muslos deben formar ángulo de 45 grados respecto a los gemelos. Mantened los gluteos hacia abajo y los brazos estirados durante todo el movimiento. Los hombros quedarán hacia atrás y el pecho hacia fuera, con la sección media hacia dentro y contraída. Elige un agarre: Agarra la barra con agarre supino equidistante del centro, separando las manos algo más que las piernas y manteniendo los brazos estirados. Las manos deben quedar por fuera de las piernas para que no las arrastres sobre las tibias. También puedes usar un agarre alterno (una mano en supinación, otra en pronación), que impide que la barra se escape de las manos y permite usar más peso. Algunos powerlifter prefieren el agarre prono de “gancho”, en el que las palmas miran hacia atrás y los 2 ó 3 primeros dedos se arrollan sobre los pulgares. Este método supone práctica y puede resultar doloroso al principio, pero permite usar pesos grandes sin ayuda de las agarraderas y también da mayor fuerza de agarre. Aplana la espalda: Para aplanar la espalda hay que mantener los hombros atrás y el pecho fuera. Debes tener la espalda baja en la posición contraída durante todo el movimiento para que así se mantenga la curvatura normal de la columna y nunca se redondee. No extendáis ni flexionéis la columna; mantened contraídos los músculos de la espalda baja para que soporten la tensión aplicada sobre la columna vertebral y los discos. Concéntrate: Concéntrate en cada repetición en la biomecánica, sobre todo durante las series de calentamiento. Cuando usas un estilo correcto y tu cuerpo empieza a repetirlo, se convierte en automático y te asegura de que estás haciendo las cosas bien con grandes pesos. El estilo incorrecto llama a la lesión. Posición de la cabeza: Mira al frente o ligeramente hacia arriba. Mirar hacia abajo aumenta el redondeamiento de la espalda y hace que el cuerpo se incline demasiado hacia delante. Mirar demasiado alto también puede imponer estrés indebido sobre las vértebras cervicales.","https://www.cambiatufisico.com/wp-content/uploads/peso-muerto2.jpg","Lumbar,Biceps Femoral,Gluteo"
Curl con barra,Biceps,"Inicio: De pie, sujetando una barra con el agarre a la anchura de los hombros y los brazos extendidos hacia abajo. Mantener las rodillas ligeramente flexionadas. Manteniendo el tronco erguido (no inclinarse hacia atrás al levantar el peso), contraer los bíceps para elevar la barra. Hay que asegurarse de que los codos permanecen pegados a los costados e impedir que se desplacen hacia fuera o que se eleven. Lentamente, bajar el peso a la posición de inicio. Variaciones: Utilizar tanto una barra recta como una barra EZ para realizar este ejercicio. Algunos encuentran que ésta resta presión a las muñecas ya que las dirige en una posición neutra.","https://www.cambiatufisico.com/wp-content/uploads/2011/02/curl-barra-de-pie.jpg","Biceps,braquial,braquiorradial,deltoides anterior,antebrazo"
Curl concentrado,Biceps,"Inicio: Sentado sobre un banco plano o una silla con los pies planos sobre el suelo, por delante del tronco. Mantener una mancuerna con una mano y colocar la otra sobre la pierna contralateral para sujetarse. Flexionarse hacia delante a nivel del abdomen con el brazo que trabaja extendido hacia abajo entre las piernas y el codo apoyado contra la cara interna del muslo del mismo lado. Ejecución: Con el codo apoyado en la pierna para estabilizar la parte superior del brazo, hacer el curl levantando el peso tanto como sea posible con la palma dirigida hacia arriba durante todo el movimiento. Contraer el bíceps contando hasta uno y al final, mientras se rota la muñeca ligeramente hacia fuera, volver a la posición de inicio. Hacer todas las repeticiones con ese brazo y luego cambiar al otro. Variaciones: Puede hacerse el curl concentrado de pie (flexionado a nivel del abdomen) sujetándose sobre una estructura estable con el brazo que no trabaja colocado sobre la pierna. Consejo avanzado: Para implicar la cabeza larga del bíceps (que es la que genera el perfil del bíceps) así como los músculos braquiorradiales (del antebrazo), no girar la palma hacia arriba al elevar el peso; mantenerla dirigida hacia adentro, como si se estuviera haciendo un curl en martillo. Algunas alternativas a este ejercicio pueden ser el  curl concentrado en polea y el curl concentrado en polea tumbado.","https://www.cambiatufisico.com/wp-content/uploads/2011/03/Curl-concentrado.jpg","Biceps,braquial,braquiorradial"
Curl en polea de pie,Biceps,"El curl en polea se realiza en pola baja. Parado mirando hacia el aparato, tomando el mango en supinación. Con los codos pegados a los costados, elevar el peso tanto como sea posible. Mantener la contracción contando hasta uno al final del movimiento y, a continuación, volver a la posición de inicio. La diferencia podría estar dada en los llamados “momentos de fuerza”, debido a que en este ejercicio la resistencia está ubicada en la polea, por lo que hace un poco más complicado el movimiento de partida de la flexión y más sencilla la última parte. Puedes variar los agarres. También es recomendable seguir los mismos consejos que en los ejercicios anteriores de bíceps. También se puede realizar con la polea a una mano. Consejo avanzado: Al final de cada repetición, elevar los codos unos pocos centímetros o aumentar la contracción del bíceps.","https://www.cambiatufisico.com/wp-content/uploads/2011/02/Curl-en-polea-de-pie.jpg","Biceps,braquial,braquiorradial,deltoides anterior,antebrazo"
Extensiones de tríceps tumbado con barra Z (Press Francs),Triceps,"Echado en el banco, sujete la barra con los brazos extendidos por encima del pecho. Con las palmas hacia arriba, deje poca distancia entre las manos, unos 15 cm. Flexione los codos y baje la barra hasta tocar la frente. Empuje la barra hacia arriba, hasta que los codos queden bloqueados. Vuelva lentamente a la posición inicial.","https://www.cambiatufisico.com/wp-content/uploads/2011/02/Press-Frances.jpg","Triceps,pectorales,deltoides,antebrazos"
Press de banca con barra y agarre cerrado,Triceps,"Tumbaos de espaldas sobra una banca plana con los pies firmes sobre el suelo. Para una mayor seguridad emplead una banca con soporte para la barra, de forma que ésta ya esté apoyada a una distancia equivalente a la longitud de los brazos. Coged la barra con las manos por encima y una separación entre ellas de unos 20-25 centímetros –por el interior de la amplitud de hombros–. Rodead la barra con los pulgares para mayor seguridad. Prestad atención a no usar una separación de manos muy estrecha, puesto que eso generará una indebida tensión sobre las muñecas, pero sin embargo no añadirá más tensión a los tríceps. Con cuidado sacad la barra del soporte y mantenedla sobre el pecho con los brazos completamente estirados. Doblad los brazos para bajar la barra lentamente hacia la parte inferior del pectoral, manteniendo los codos cercanos al cuerpo. Para reducir la tensión de los pectorales mantened los codos siempre pegados al cuerpo y evitad que éstos se separen hacia fuera lateralmente. No rebotéis la barra sobre el pecho, en su lugar cuando ésta se acerque a un par de centímetros o así del mismo, reducid la velocidad del movimiento e invertid la dirección empujando hacia arriba. Ahora empujad con fuerza la barra hasta enderezar por completo los brazos sin llegar a bloquearlos del todo. Apretad los tríceps y el pecho con fuerza arriba, al tiempo que expulsáis el aire. Repetid.","https://www.cambiatufisico.com/wp-content/uploads/press-banca-agarre-cerrado.jpg","tríceps,pectoral,deltoides anterior"
Curl de muñeca con mancuerna palmas abajo,Antebrazo,"","https://www.cambiatufisico.com/wp-content/uploads/2011/03/Curl-de-muneca-con-mancuerna-palmas-abajo.jpg","braquial,braquiorradial"
Curl de muñeca con mancuerna palmas arriba,Antebrazo,"","https://www.cambiatufisico.com/wp-content/uploads/2011/03/Curl-de-muneca-con-mancuerna-palmas-arriba.jpg","braquial,braquiorradial"
Elevaciones de disco con dedos de pie,Antebrazo,"","https://www.cambiatufisico.com/wp-content/uploads/2011/03/Elevaciones-de-disco-con-dedos-de-pie.jpg","braquial,braquiorradial"
Encogimientos con barra,Trapecio,"Cuándo Al final del entrenamiento, después de entrenar el deltoides. Inicio De pie, sujetar una barra por delante de los muslos con agarre hacia abajo ya la anchura de los hombros. Flexionar las rodillas ligeramente. Ejecución Mientras se mantienen los brazos extendidos, elevar (encoger) los hombros dirigiéndolos hacia arriba (no hacia atrás) tanto como sea posible. Mantener la contracción contando uno y, a continuación, relajar los hombros para bajar la barra de nuevo y volver a la posición de inicio. Variaciones Realizar este ejercicio con la barra por detrás. Esto ayuda a mantener los hombros hacia atrás y el pecho hacia fuera. Consejo avanzado  Colocar las manos hacia fuera en un agarre más ancho que el de la distancia entre los hombros para crear una línea de tracción ligeramente diferente. Alternativas Encogimiento con mancuerna, encogimiento en máquina Smith, encogimiento con mancuerna inclinado prono y encogimiento en polea.","https://www.cambiatufisico.com/wp-content/uploads/2011/02/Encogimientos-con-barra.jpg","Trapecio"
Remo al mentón con barra,Trapecio,"Levantad los brazos para tirar de la barra en línea recta hacia la barbilla, elevando los codos. Mantened la barra cerca del cuerpo en todo momento y el torso recto con la curva natural de la columna. En el punto alto los codos apuntarán hacia los lados. Mantened la posición un segundo antes de regresar al inicio y repetir.","https://www.cambiatufisico.com/wp-content/uploads/2011/02/Remo-al-menton-con-barra.jpg","Trapecio"
Press de hombro con mancuernas sentado,Hombro,"Inicio: Sentado en un asiento de espalda baja, o banco ajustable, mantenerse erguido mientras se sujetan un par de mancuernas. Comenzar elevándolas por fuera de los hombros con las palmas dirigidas hacia delante. Ejecución: Hacer press con las mancuernas llevándolas hacia arriba a la vez que se contraen los músculos de los hombros y se extienden los codos hasta que el peso quede por encima de la cabeza, justamente antes de bloquear los brazos. Lentamente, bajar las mancuernas a la posición de comienzo. Variaciones: Para implicar aún más a la porción anterior del deltoides, realizar el movimiento con las palmas dirigidas hacia dentro (el agarre neutro) durante todo el movimiento. Consejo avanzado: Como con el press sobre la cabeza con barra, se puede realizar este ejercicio estando de pie. Alternativas: Press con barra sobre la cabeza, press sobre la cabeza en máquina Smith y press sobre la cabeza en máquina.","https://www.cambiatufisico.com/wp-content/uploads/2011/02/Press-de-hombro-con-mancuernas-sentado.jpg","deltoides"
Press Arnold,Hombro,"Sentados en un banco con respaldo con los pies apoyados en el suelo. Con los brazos doblados con las palmas mirando al cuerpo,sujetad una mancuerna en cada mano a la altura del cuello. Tomad aire y aguantar la respiración mientras subís las pesas la mirada al frente. Cuando las mancuernas superan la cabeza, girad las palmas hacia afuera (agarre prono) mientras se extienden los brazos. Expulsad el aire en la posición final. Deteneos un instante y volver controladamente a la posición inicial girando las palmas de las manos a medida que bajéis las mancuernas.","https://www.cambiatufisico.com/wp-content/uploads/2011/02/press-arnold.jpg","Deltoides"
Elevaciones laterales sentado,Hombro,"Sujetad las mancuernas por la parte externa de los muslos, con las palmas mirando hacia dentro. Doblad ligeramente los codos y mantenedlos así durante todo el recorrido. Si empezáis a abrir y a cerrar los codos, reduciréis el aislamiento del hombro medio. Elevad los pesos hacia fuera haciendo un arco amplio hasta el nivel de los hombros. Es importante mantener los codos por encima de las manos al comienzo del ajercicio, llevándolos en el mismo plano horizontal en la posición de arriba.","https://www.cambiatufisico.com/wp-content/uploads/2011/02/Elevaciones-laterales-sentado.jpg","Deltoides"
Aperturas invertidas en máquina contractora,Hombro,"Ajusta la altura del asiento para poder coger los agarres con un agarre neutral (palmas enfrentadas). El pecho debe estar en contacto con el soporte del aparato durante todo el ejercicio. Toma aire y aguanta la respiración mientras llevas los brazos atrás todo lo posible. Los codos deben finalizar bastante por detrás de la espalda. Cuando los brazos estén tan atrás como sea posible, aguanta durante un segundo y luego expulsa el aire para regresar a la posición inicial de forma controlada.","https://www.cambiatufisico.com/wp-content/uploads/2009/12/Aperturas-invertidas-en-contractora.jpg","Deltoides,Dorsal"
Prensa Inclinada,Cuadriceps,"Coloque los pies en la máquina, con las rodillas separadas a la anchura de os hombros y la punta de los pies rectas o ligeramente giradas hacia fuera. Mantenga la zona baja y media de la espalda plana contra el almohadillado del respaldo y la cabeza en posición neutra. Extienda los tobillos, rodillas y caderas. Presione con la parte media de los pies sobre la plataforma de la máquina, usando la misma presión de empuje en ambos. Detenga el movimiento justo antes de bloquear las rodillas. Regrese lentamente a la posición inicial mediante la flexión de los tobillos, rodillas y caderas.","https://www.cambiatufisico.com/wp-content/uploads/Prensa-Inclinada.jpg","cuadriceps"
Sentadilla con barra,Cuadriceps,"De pie, apoye la barra en los hombros. Los pies deben mantenerse separados a la distancia del ancho de los hombros. Flexione lentamente las rodillas hasta que los muslos y el gemelo formen más o menos un ángulo de 90º. Estire las piernas para regresar a la posición inicial.","https://www.cambiatufisico.com/wp-content/uploads/sentadilla6.jpg","cuádriceps,gluteos,femoral,aductores,erectores espinales,abdominales"
Extensiones en máquina,Cuadriceps,"La posición sentada permite manejar cargas elevadas sin ningún riesgo de sobrecarga en otras articulaciones. Una vez estemos sentado en la máquina debes ajustar los apoyos: el final del asiento debe coincidir con el hueco poplíteo (detrás de la rodilla) y la zona lumbar en contacto con el respaldo, finalmente regula el rodillo del brazo de palanca colocándolo al final de la tibia, en la articulación del tobillo. Inicia el movimiento de extensión desde una flexión de La rodilla de 90°, no menos y realiza la extensión de la pierna hasta llegar de forma controlada a la extensión completa de la rodilla. Intenta que en este movimiento de extensión las dos piernas trabajen por igual, normalmente se tiende a realizar mas esfuerzo con la pierna dominante.","https://www.cambiatufisico.com/wp-content/uploads/Extensiones-en-maquina.jpg","Cuadriceps"
Peso muerto piernas rígidas con barra,Femoral,"Con los pies separados aproximadamente la anchura de los hombros y la espalda arqueada muy ligeramente hacia atrás, flexionar el tronco y elevar del suelo dos mancuernas o una barra. Emplear un agarre natural con las mancuernas; es decir, en semipronación, que es una posición intermedia entre la neutra (con los pulgares hacia delante) y la pronada (con los pulgares enfrentados). Con la barra usar el agarre en pronación. Incorporarse usando la fuerza de los isquiotibiales y los gluteos mientras las piernas se mantienen semiestiradas. Una vez en posición erguida de pie, flexionar el tronco sin doblar las piernas, para regresar a la posición inicial. Las pesas no tienen que tocar el suelo antes de empezar otra repetición. Puede que, al principio, tengas dificultades para mantener estiradas las piernas. En ese caso, no dudes en doblarlas ligeramente. No obstante, ten presente que flexionarlas en exceso reducirá la tensión sobre los isquiotibiales.","https://www.cambiatufisico.com/wp-content/uploads/peso-muerto-piernas-rigidas1.jpg","isquiotibiales,gluteos,región lumbar,cuádriceps."
Femoral en máquina tumbado,Femoral,"","https://www.cambiatufisico.com/wp-content/uploads/Femoral-en-maquina-tumbado.jpg","femoral,gluteo"
Gemelo en prensa,Gemelo,"","https://www.cambiatufisico.com/wp-content/uploads/Gemelo-en-prensa.jpg","Gemelo"
Gemelo en máquina de pie,Gemelo,"Este ejercicio, en el que los hombros se ven apretados por unas palancas acolchadas y los talones apuntan hacia el suelo, es el más popular de todos los de gemelos. Sin embargo, a pesar de su popularidad suele realizarse de forma incorrecta. Es habitual ver que el culturista bloquea las piernas, pues piensa que si elimina los cuádriceps de la ecuación obligará a los gemelos a trabajar más. La intención es buena, pero este razonamiento está mal planteado. Es importante mantener las rodillas algo dobladas, los abdominales tensos y la zona lumbar arqueada, ya que la gran presión que ejerce el peso desde arriba convierte al más sencillo de los ejercicios en un peligro para la espalda y las rodillas si no están bien colocadas. No podemos negar que las elevaciones de gemelos sentado aportan estabilidad a la rodilla, pero este ejercicio no consigue desarrollar el músculo en forma de diamante (el gastrocnemio), que es el más reconocible en la zona de los gemelos. Ese honor corresponde a la versión de pie que vemos en esta página. Cualquier ejercicio de gemelos en el que las piernas estén rectas incidirá mejor sobre el gastrocnemio. Esto incluye las elevaciones de gemelos tipo burro e incluso los ejercicios en máquina sentado en los que la cadera está doblada, pero las piernas rectas.","https://www.cambiatufisico.com/wp-content/uploads/Gemelo-en-maquina-de-pie.jpg","Gemelo"
Crunch en polea de tríceps,Abdomen,"Este ejercicio trabaja la totalidad del abdomen y es un ejercicio a nuestro parecer imprescindible en tu rutina de abdominales ya que permite trabajar el abdomen con peso. Expulsad el aire a medida que hacéis fuerza contra la resistencia, flexionando la espina dorsal mediante la contracción de los abdominales. Al llegar a la posición final, expulsad el aire restante en los pulmones y contraed a tope oblicuos y abdominales durante un momento. Tomad aire al regresar lentamente al punto de partida.","https://www.cambiatufisico.com/wp-content/uploads/Encogimientos-en-polea.jpg","abdominales superiores"
Encogimientos,Abdomen,"Mientras te elevas, redondea la parte superior de la espalda. Cuando estés en la posición más elevada, mira fijamente hacia el horizonte y aguanta en esa posición durante un segundo aproximadamente. A continuación expulsa el aire y vuelve a la posición inicial. Puedes hacer el ejercicio más difícil extendiendo las manos sobre la cabeza o sujetando un peso sobre el pecho.","https://www.cambiatufisico.com/wp-content/uploads/Encogimientos-abdominales-en-suelo.jpg","abdominal superior"
Encogimientos,Abdomen,"Su ejecución es muy parecida a la del encogimiento normal, la única diferencia esque las piernas estan elevadas en un ángulo de 90º. El tener las piernas elevadas permite que sea más fácil mantener la zona lumbar pegada al suelo durante la ejecución del ejercicio. Si tu viéramos que elegir entre el encogimiento normal y el presente ejercicio elegiríamos este sin duda.","https://www.cambiatufisico.com/wp-content/uploads/Encogimientos-con-piernas-en-balon-de-ejercicio.jpg","abdominal superior"
Encogimientos a rodilla contraria,Abdomen,"Tumbados sobre una colchoneta llevamos cada codo a la rodilla contraria mientras la otra pierna se mantiene extendida. En este ejercicio, al dejar las piernas elevadas, la tensión sobre el abdomen es constante. Las repeticiones se hacen alternas para cada lado. Puede resultar un ejercicio un poco duro para gente principiante, por ese motivo es conveniente empezar por los Encogimientos para oblicuos normales descritos justo debajo.","https://www.cambiatufisico.com/wp-content/uploads/Encogimientos-con-codo-a-rodilla-contraria.jpg","abdominal oblicuo"
Encogimiento para oblicuos,Abdomen,"Tumbados sobre una colchoneta como se observa en la foto en esta ocasión se realizan todas las repeticiones de un lado y posteriormente las del lado contrario. Se puede aumentar la dificultad elevando las dos piernas al mismo tiempo que se hace el encogimiento. Es un ejercicio muy recomendable para gente principiante y que como vemos se puede hacer en cualquier parte.","https://www.cambiatufisico.com/wp-content/uploads/Encogimientos-para-oblicuos-tumbado-de-lado.jpg","abdominal oblicuo"
Encogimientos laterales dedos a los tobillos,Abdomen,"Este ejercicio es similar a los encogimientos alternos pero un poco menos intenso debido a que las piernas reposan sobre el suelo. Se hacen las repeticiones alternando de lado a lado. El movimiento debe ser en todo momento lento y controlado para evitar dolores en el cuello. Es fundamental sentir como trabajan los oblicuos, intentar localizar el esfuerzo en esa zona, en caso contrario no lo estaremos haciendo bien.","https://www.cambiatufisico.com/wp-content/uploads/Encogimientos-laterales-dedos-a-los-tobillos.jpg","abdominal oblicuo"
Elevación de piernas,Abdomen,"Sentados sobre un banco, levantamos las piernas en dirección al pecho, es importante a la hora de realizarlo el sentir la contracción en la zona inferior del abdomen. Su ejecución es complicada por lo tanto no dudes en preguntar al monitor de tu gimnasio a la más mínima sospecha de que no lo estas haciendo correctamente. Es importante tener presente que el objetivo es elevar las piernas utilizando el abdomen y no simplemente doblar las piernas con las rodillas.","https://www.cambiatufisico.com/wp-content/uploads/Pull-in-en-banco-plano.jpg","abdominal inferior"
Encogimiento invertido en banco declinado,Abdomen,"Tumbados en un banco, agarrados con ambas manos, elevamos la pelvis sintiendo la contracción principalmente en la zona inferior del abdomen. Empezar y acabar en la posición correcta es de extrema importancia en este ejercicio, mirar con atención las fotografías. Para subir el nivel del ejercicio basta con aumentar la inclinación del banco.","https://www.cambiatufisico.com/wp-content/uploads/Encogimientos-invertidos-en-banco-declinado.jpg","abdominal inferior"
Elevaciones en banco inclinado,Abdomen,"Este ejercicio es similar al ejercicio anterior pero puede resultar más peligroso para la zona lumbar. En ningún momento durante la ejecución del ejercicio la zona lumbar debe despegarse del banco. Este ejercicio además de poner más énfasis en los abdominales inferiores también trabaja el psoas, un musculo no visible de la cadera pero que resulta útil trabajar para realizar movimientos atléticos. Para subir el nivel del ejercicio basta con aumentar la inclinación del banco.","https://www.cambiatufisico.com/wp-content/uploads/Elevaciones-de-piernas-en-banco-plano.jpg","abdominal inferior"